-- MySQL dump 10.13  Distrib 9.3.0, for macos15.2 (arm64)
--
-- Host: localhost    Database: testcard
-- ------------------------------------------------------
-- Server version	9.3.0












--
-- Table structure for table "cartes"
--

DROP TABLE IF EXISTS "cartes";


CREATE TABLE "cartes" (
  "id" INTEGER NOT NULL GENERATED BY DEFAULT AS IDENTITY,
  "nom" VARCHAR(100)  NOT NULL,
  "rarete" SMALLINT NOT NULL,
  "description" TEXT ,
  "image_url" VARCHAR(255)  DEFAULT NULL,
  PRIMARY -- KEY ("id")
) ;


--
-- Dumping data for table "cartes"
--

-- LOCK TABLES (supprimé) "cartes" WRITE;

INSERT INTO "cartes" VALUES (1,'Teckel électricien',1,'Teckel avec des compétences en électricité','./img_Cartes/Teckel-0-01.webp'),(2,'Teckel plombier',1,'Teckel spécialisé en plomberie','./img_Cartes/Teckel-0-02.webp'),(3,'Teckel mécanicien',1,'Teckel expert en mécanique','./img_Cartes/Teckel-0-03.webp'),(4,'Teckel boulanger',1,'Teckel qui aime faire du pain','./img_Cartes/Teckel-0-04.webp'),(5,'Teckel pâtissier',1,'Teckel talentueux en pâtisserie','./img_Cartes/Teckel-0-05.webp'),(6,'Teckel comptable',1,'Teckel excellent avec les chiffres','./img_Cartes/Teckel-0-06.webp'),(7,'Teckel banquier',1,'Teckel avec une expertise bancaire','./img_Cartes/Teckel-0-07.webp'),(8,'Teckel bibliothécaire',1,'Teckel passionné par les livres','./img_Cartes/Teckel-0-08.webp'),(9,'Teckel jardinier',1,'Teckel qui aime entretenir les jardins','./img_Cartes/Teckel-0-09.webp'),(10,'Teckel agriculteur',1,'Teckel qui cultive la terre','./img_Cartes/Teckel-0-10.webp'),(11,'Teckel fermier',1,'Teckel travaillant dans une ferme','./img_Cartes/Teckel-0-11.webp'),(12,'Teckel pêcheur',1,'Teckel habile à attraper des poissons','./img_Cartes/Teckel-0-12.webp'),(13,'Teckel forgeron',1,'Teckel expert en forge','./img_Cartes/Teckel-0-13.webp'),(14,'Teckel charpentier',1,'Teckel compétent en charpenterie','./img_Cartes/Teckel-0-14.webp'),(15,'Teckel maçon',1,'Teckel bâtisseur','./img_Cartes/Teckel-0-15.webp'),(16,'Teckel ébéniste',1,'Teckel travailleur du bois','./img_Cartes/Teckel-0-16.webp'),(17,'Teckel coiffeur',1,'Teckel styliste pour poils','./img_Cartes/Teckel-0-17.webp'),(18,'Teckel magicien',1,'Teckel aux talents magiques','./img_Cartes/Teckel-0-18.webp'),(19,'Teckel réceptionniste',1,'Teckel expert en accueil','./img_Cartes/Teckel-0-19.webp'),(20,'Teckel secrétaire',1,'Teckel qui gère les documents','./img_Cartes/Teckel-0-20.webp'),(21,'Teckel étudiant',1,'Teckel en pleine formation','./img_Cartes/Teckel-0-21.webp'),(22,'Teckel coach sportif',1,'Teckel qui motive les autres','./img_Cartes/Teckel-0-22.webp'),(23,'Teckel esthéticien',1,'Teckel spécialiste en beauté','./img_Cartes/Teckel-0-23.webp'),(24,'Teckel concierge',1,'Teckel toujours au service','./img_Cartes/Teckel-0-24.webp'),(25,'Teckel barman',1,'Teckel qui prépare les boissons','./img_Cartes/Teckel-0-25.webp'),(26,'Teckel barista',1,'Teckel spécialiste des cafés','./img_Cartes/Teckel-0-26.webp'),(27,'Teckel chocolatier',1,'Teckel expert en chocolat','./img_Cartes/Teckel-0-27.webp'),(28,'Teckel fleuriste',1,'Teckel amoureux des fleurs','./img_Cartes/Teckel-0-28.webp'),(29,'Teckel sculpteur',1,'Teckel artiste talentueux','./img_Cartes/Teckel-0-29.webp'),(30,'Teckel photographe',1,'Teckel capturant des moments','./img_Cartes/Teckel-0-30.webp'),(31,'Teckel peINTEGERre',1,'Teckel passionné par l''art','./img_Cartes/Teckel-0-31.webp'),(32,'Teckel écrivain',1,'Teckel maître des mots','./img_Cartes/Teckel-0-32.webp'),(33,'Teckel journaliste',1,'Teckel informateur','./img_Cartes/Teckel-0-33.webp'),(34,'Teckel linguiste',1,'Teckel expert en langues','./img_Cartes/Teckel-0-34.webp'),(35,'Teckel INTEGERerprète',1,'Teckel facilitant la communication','./img_Cartes/Teckel-0-35.webp'),(36,'Teckel traducteur',1,'Teckel maître des traductions','./img_Cartes/Teckel-0-36.webp'),(37,'Teckel guide touristique',1,'Teckel explorateur','./img_Cartes/Teckel-0-37.webp'),(38,'Teckel mannequin',1,'Teckel élégant','./img_Cartes/Teckel-0-38.webp'),(39,'Teckel danseur',1,'Teckel qui bouge avec style','./img_Cartes/Teckel-0-39.webp'),(40,'Teckel DJ',1,'Teckel maître du mix','./img_Cartes/Teckel-0-40.webp'),(41,'Teckel acteur',1,'Teckel qui brille sur scène','./img_Cartes/Teckel-0-41.webp'),(42,'Teckel chanteur',1,'Teckel à la belle voix','./img_Cartes/Teckel-0-42.webp'),(43,'Teckel réalisateur',1,'Teckel derrière la caméra','./img_Cartes/Teckel-0-43.webp'),(44,'Teckel couturier',1,'Teckel créateur de mode','./img_Cartes/Teckel-0-44.webp'),(45,'Teckel styliste',1,'Teckel spécialiste des looks','./img_Cartes/Teckel-0-45.webp'),(46,'Teckel bijoutier',1,'Teckel créateur de bijoux','./img_Cartes/Teckel-0-46.webp'),(47,'Teckel agent immobilier',1,'Teckel expert en biens','./img_Cartes/Teckel-0-47.webp'),(48,'Teckel pharmacien',1,'Teckel dans la santé','./img_Cartes/Teckel-0-48.webp'),(49,'Teckel dentiste',1,'Teckel qui soigne les dents','./img_Cartes/Teckel-0-49.webp'),(50,'Teckel vétérinaire',1,'Teckel au service des animaux','./img_Cartes/Teckel-0-50.webp'),(51,'Teckel médecin',2,'Teckel qui soigne les humains','./img_Cartes/Teckel-0-51.webp'),(52,'Teckel professeur',2,'Teckel qui enseigne','./img_Cartes/Teckel-0-52.webp'),(53,'Teckel psychanalyste',2,'Teckel à l''écoute','./img_Cartes/Teckel-0-53.webp'),(54,'Teckel psychologue',2,'Teckel qui analyse les émotions','./img_Cartes/Teckel-0-54.webp'),(55,'Teckel militaire',2,'Teckel courageux','./img_Cartes/Teckel-0-55.webp'),(56,'Teckel pilote',2,'Teckel au commande d''un avion','./img_Cartes/Teckel-0-56.webp'),(57,'Teckel capitaine de bateau',2,'Teckel des mers','./img_Cartes/Teckel-0-57.webp'),(58,'Teckel météorologue',2,'Teckel qui analyse la météo','./img_Cartes/Teckel-0-58.webp'),(59,'Teckel historien',2,'Teckel passionné par l''histoire','./img_Cartes/Teckel-0-59.webp'),(60,'Teckel archéologue',2,'Teckel explorateur du passé','./img_Cartes/Teckel-0-60.webp'),(61,'Teckel anthropologue',2,'Teckel qui étudie les sociétés','./img_Cartes/Teckel-0-61.webp'),(62,'Teckel sociologue',2,'Teckel observateur des relations humaines','./img_Cartes/Teckel-0-62.webp'),(63,'Teckel policier',2,'Teckel gardien de l''ordre','./img_Cartes/Teckel-0-63.webp'),(64,'Teckel enquêteur',2,'Teckel résolvant des mystères','./img_Cartes/Teckel-0-64.webp'),(65,'Teckel agent de sécurité',2,'Teckel protégeant les biens et les personnes','./img_Cartes/Teckel-0-65.webp'),(66,'Teckel guide de montagne',2,'Teckel des sommets','./img_Cartes/Teckel-0-66.webp'),(67,'Teckel maître d''hôtel',2,'Teckel au service des clients','./img_Cartes/Teckel-0-67.webp'),(68,'Teckel entraîneur',2,'Teckel qui motive et accompagne','./img_Cartes/Teckel-0-68.webp'),(69,'Teckel géologue',2,'Teckel explorant la Terre','./img_Cartes/Teckel-0-69.webp'),(70,'Teckel botaniste',2,'Teckel expert des plantes','./img_Cartes/Teckel-0-70.webp'),(71,'Teckel zoologiste',2,'Teckel passionné par les animaux','./img_Cartes/Teckel-0-71.webp'),(72,'Teckel retraité',2,'Teckel profitant de la vie','./img_Cartes/Teckel-0-72.webp'),(73,'Teckel architecte',3,'Teckel bâtisseur de rêves','./img_Cartes/Teckel-0-73.webp'),(74,'Teckel économiste',3,'Teckel en gestion financière','./img_Cartes/Teckel-0-74.webp'),(75,'Teckel mathématicien',3,'Teckel expert en mathématiques','./img_Cartes/Teckel-0-75.webp'),(76,'Teckel ingénieur',3,'Teckel inventeur talentueux','./img_Cartes/Teckel-0-76.webp'),(77,'Teckel statisticien',3,'Teckel maître des chiffres','./img_Cartes/Teckel-0-77.webp'),(78,'Teckel philosophe',3,'Teckel penseur réfléchi','./img_Cartes/Teckel-0-78.webp'),(79,'Teckel diplomate',3,'Teckel représentant son pays','./img_Cartes/Teckel-0-79.webp'),(80,'Teckel linguiste',3,'Teckel expert en langues','./img_Cartes/Teckel-0-80.webp'),(81,'Teckel juge',3,'Teckel qui rend la justice','./img_Cartes/Teckel-0-81.webp'),(82,'Teckel procureur',3,'Teckel défenseur des lois','./img_Cartes/Teckel-0-82.webp'),(83,'Teckel contrôleur aérien',3,'Teckel guidant les avions','./img_Cartes/Teckel-0-83.webp'),(84,'Teckel parfumeur',3,'Teckel créateur de fragrances','./img_Cartes/Teckel-0-84.webp'),(85,'Teckel ostéopathe',3,'Teckel guérissant les douleurs','./img_Cartes/Teckel-0-85.webp'),(86,'Teckel avocat',4,'Teckel expert en droit','./img_Cartes/Teckel-0-86.webp'),(87,'Teckel détective privé',4,'Teckel résolvant des affaires complexes','./img_Cartes/Teckel-0-87.webp'),(88,'Teckel astrophysicien',4,'Teckel explorateur des étoiles','./img_Cartes/Teckel-0-88.webp'),(89,'Teckel magistrat',4,'Teckel garant de la loi','./img_Cartes/Teckel-0-89.webp'),(90,'Teckel bijoutier',4,'Teckel créateur de pièces uniques','./img_Cartes/Teckel-0-90.webp'),(91,'Teckel chocolatier',4,'Teckel maître du chocolat','./img_Cartes/Teckel-0-91.webp'),(92,'Teckel écrivain renommé',4,'Teckel célèbre pour ses écrits','./img_Cartes/Teckel-0-92.webp'),(93,'Teckel chef cuisinier étoilé',4,'Teckel étoile de la gastronomie','./img_Cartes/Teckel-0-93.webp'),(94,'Teckel chef cuisinier',5,'Teckel maître des saveurs','./img_Cartes/Teckel-0-94.webp'),(95,'Teckel sommelier',5,'Teckel expert en vins et spiritueux','./img_Cartes/Teckel-0-95.webp'),(96,'Teckel maître d''hôtel de prestige',5,'Teckel au service des plus grands','./img_Cartes/Teckel-0-96.webp'),(97,'Teckel magistrat',5,'Teckel garant des lois','./img_Cartes/Teckel-0-97.webp'),(98,'Teckel roi',6,'Teckel majestueux','./img_Cartes/Teckel-0-98.webp'),(99,'Teckel astronaute',6,'Teckel explorateur de l''espace','./img_Cartes/Teckel-0-99.webp'),(100,'Teckel pilote de F1',6,'Teckel à toute vitesse','./img_Cartes/Teckel-0-100.webp');

UN-- LOCK TABLES (supprimé);

--
-- Table structure for table "cartes_backup"
--

DROP TABLE IF EXISTS "cartes_backup";


CREATE TABLE "cartes_backup" (
  "id" INTEGER NOT NULL DEFAULT 0,
  "nom" VARCHAR(100)   NOT NULL,
  "rarete" SMALLINT NOT NULL,
  "description" TEXT  ,
  "image_url" VARCHAR(255)   DEFAULT NULL
) ;


--
-- Dumping data for table "cartes_backup"
--

-- LOCK TABLES (supprimé) "cartes_backup" WRITE;

INSERT INTO "cartes_backup" VALUES (1,'Teckel électricien',1,'Teckel avec des compétences en électricité','./img_Cartes/Teckel_1.webp'),(2,'Teckel plombier',1,'Teckel spécialisé en plomberie','./img_Cartes/Teckel_2.webp'),(3,'Teckel mécanicien',1,'Teckel expert en mécanique','./img_Cartes/Teckel_3.webp'),(4,'Teckel boulanger',1,'Teckel qui aime faire du pain','./img_Cartes/Teckel_4.webp'),(5,'Teckel pâtissier',1,'Teckel talentueux en pâtisserie','./img_Cartes/Teckel_5.webp'),(6,'Teckel comptable',1,'Teckel excellent avec les chiffres','./img_Cartes/Teckel_6.webp'),(7,'Teckel banquier',1,'Teckel avec une expertise bancaire','./img_Cartes/Teckel_7.webp'),(8,'Teckel bibliothécaire',1,'Teckel passionné par les livres','./img_Cartes/Teckel_8.webp'),(9,'Teckel jardinier',1,'Teckel qui aime entretenir les jardins','./img_Cartes/Teckel_9.webp'),(10,'Teckel agriculteur',1,'Teckel qui cultive la terre','./img_Cartes/Teckel_10.webp'),(11,'Teckel fermier',1,'Teckel travaillant dans une ferme','./img_Cartes/Teckel_11.webp'),(12,'Teckel pêcheur',1,'Teckel habile à attraper des poissons','./img_Cartes/Teckel_12.webp'),(13,'Teckel forgeron',1,'Teckel expert en forge','./img_Cartes/Teckel_13.webp'),(14,'Teckel charpentier',1,'Teckel compétent en charpenterie','./img_Cartes/Teckel_14.webp'),(15,'Teckel maçon',1,'Teckel bâtisseur','./img_Cartes/Teckel_15.webp'),(16,'Teckel ébéniste',1,'Teckel travailleur du bois','./img_Cartes/Teckel_16.webp'),(17,'Teckel coiffeur',1,'Teckel styliste pour poils','./img_Cartes/Teckel_17.webp'),(18,'Teckel magicien',1,'Teckel aux talents magiques','./img_Cartes/Teckel_18.webp'),(19,'Teckel réceptionniste',1,'Teckel expert en accueil','./img_Cartes/Teckel_19.webp'),(20,'Teckel secrétaire',1,'Teckel qui gère les documents','./img_Cartes/Teckel_20.webp'),(21,'Teckel étudiant',1,'Teckel en pleine formation','./img_Cartes/Teckel_21.webp'),(22,'Teckel coach sportif',1,'Teckel qui motive les autres','./img_Cartes/Teckel_22.webp'),(23,'Teckel esthéticien',1,'Teckel spécialiste en beauté','./img_Cartes/Teckel_23.webp'),(24,'Teckel concierge',1,'Teckel toujours au service','./img_Cartes/Teckel_24.webp'),(25,'Teckel barman',1,'Teckel qui prépare les boissons','./img_Cartes/Teckel_25.webp'),(26,'Teckel barista',1,'Teckel spécialiste des cafés','./img_Cartes/Teckel_26.webp'),(27,'Teckel chocolatier',1,'Teckel expert en chocolat','./img_Cartes/Teckel_27.webp'),(28,'Teckel fleuriste',1,'Teckel amoureux des fleurs','./img_Cartes/Teckel_28.webp'),(29,'Teckel sculpteur',1,'Teckel artiste talentueux','./img_Cartes/Teckel_29.webp'),(30,'Teckel photographe',1,'Teckel capturant des moments','./img_Cartes/Teckel_30.webp'),(31,'Teckel peINTEGERre',1,'Teckel passionné par l''art','./img_Cartes/Teckel_31.webp'),(32,'Teckel écrivain',1,'Teckel maître des mots','./img_Cartes/Teckel_32.webp'),(33,'Teckel journaliste',1,'Teckel informateur','./img_Cartes/Teckel_33.webp'),(34,'Teckel linguiste',1,'Teckel expert en langues','./img_Cartes/Teckel_34.webp'),(35,'Teckel INTEGERerprète',1,'Teckel facilitant la communication','./img_Cartes/Teckel_35.webp'),(36,'Teckel traducteur',1,'Teckel maître des traductions','./img_Cartes/Teckel_36.webp'),(37,'Teckel guide touristique',1,'Teckel explorateur','./img_Cartes/Teckel_37.webp'),(38,'Teckel mannequin',1,'Teckel élégant','./img_Cartes/Teckel_38.webp'),(39,'Teckel danseur',1,'Teckel qui bouge avec style','./img_Cartes/Teckel_39.webp'),(40,'Teckel DJ',1,'Teckel maître du mix','./img_Cartes/Teckel_40.webp'),(41,'Teckel acteur',1,'Teckel qui brille sur scène','./img_Cartes/Teckel_41.webp'),(42,'Teckel chanteur',1,'Teckel à la belle voix','./img_Cartes/Teckel_42.webp'),(43,'Teckel réalisateur',1,'Teckel derrière la caméra','./img_Cartes/Teckel_43.webp'),(44,'Teckel couturier',1,'Teckel créateur de mode','./img_Cartes/Teckel_44.webp'),(45,'Teckel styliste',1,'Teckel spécialiste des looks','./img_Cartes/Teckel_45.webp'),(46,'Teckel bijoutier',1,'Teckel créateur de bijoux','./img_Cartes/Teckel_46.webp'),(47,'Teckel agent immobilier',1,'Teckel expert en biens','./img_Cartes/Teckel_47.webp'),(48,'Teckel pharmacien',1,'Teckel dans la santé','./img_Cartes/Teckel_48.webp'),(49,'Teckel dentiste',1,'Teckel qui soigne les dents','./img_Cartes/Teckel_49.webp'),(50,'Teckel vétérinaire',1,'Teckel au service des animaux','./img_Cartes/Teckel_50.webp'),(51,'Teckel médecin',2,'Teckel qui soigne les humains','./img_Cartes/Teckel_51.webp'),(52,'Teckel professeur',2,'Teckel qui enseigne','./img_Cartes/Teckel_52.webp'),(53,'Teckel psychanalyste',2,'Teckel à l''écoute','./img_Cartes/Teckel_53.webp'),(54,'Teckel psychologue',2,'Teckel qui analyse les émotions','./img_Cartes/Teckel_54.webp'),(55,'Teckel militaire',2,'Teckel courageux','./img_Cartes/Teckel_55.webp'),(56,'Teckel pilote',2,'Teckel au commande d''un avion','./img_Cartes/Teckel_56.webp'),(57,'Teckel capitaine de bateau',2,'Teckel des mers','./img_Cartes/Teckel_57.webp'),(58,'Teckel météorologue',2,'Teckel qui analyse la météo','./img_Cartes/Teckel_58.webp'),(59,'Teckel historien',2,'Teckel passionné par l''histoire','./img_Cartes/Teckel_59.webp'),(60,'Teckel archéologue',2,'Teckel explorateur du passé','./img_Cartes/Teckel_60.webp'),(61,'Teckel anthropologue',2,'Teckel qui étudie les sociétés','./img_Cartes/Teckel_61.webp'),(62,'Teckel sociologue',2,'Teckel observateur des relations humaines','./img_Cartes/Teckel_62.webp'),(63,'Teckel policier',2,'Teckel gardien de l''ordre','./img_Cartes/Teckel_63.webp'),(64,'Teckel enquêteur',2,'Teckel résolvant des mystères','./img_Cartes/Teckel_64.webp'),(65,'Teckel agent de sécurité',2,'Teckel protégeant les biens et les personnes','./img_Cartes/Teckel_65.webp'),(66,'Teckel guide de montagne',2,'Teckel des sommets','./img_Cartes/Teckel_66.webp'),(67,'Teckel maître d''hôtel',2,'Teckel au service des clients','./img_Cartes/Teckel_67.webp'),(68,'Teckel entraîneur',2,'Teckel qui motive et accompagne','./img_Cartes/Teckel_68.webp'),(69,'Teckel géologue',2,'Teckel explorant la Terre','./img_Cartes/Teckel_69.webp'),(70,'Teckel botaniste',2,'Teckel expert des plantes','./img_Cartes/Teckel_70.webp'),(71,'Teckel zoologiste',2,'Teckel passionné par les animaux','./img_Cartes/Teckel_71.webp'),(72,'Teckel retraité',2,'Teckel profitant de la vie','./img_Cartes/Teckel_72.webp'),(73,'Teckel architecte',3,'Teckel bâtisseur de rêves','./img_Cartes/Teckel_73.webp'),(74,'Teckel économiste',3,'Teckel en gestion financière','./img_Cartes/Teckel_74.webp'),(75,'Teckel mathématicien',3,'Teckel expert en mathématiques','./img_Cartes/Teckel_75.webp'),(76,'Teckel ingénieur',3,'Teckel inventeur talentueux','./img_Cartes/Teckel_76.webp'),(77,'Teckel statisticien',3,'Teckel maître des chiffres','./img_Cartes/Teckel_77.webp'),(78,'Teckel philosophe',3,'Teckel penseur réfléchi','./img_Cartes/Teckel_78.webp'),(79,'Teckel diplomate',3,'Teckel représentant son pays','./img_Cartes/Teckel_79.webp'),(80,'Teckel linguiste',3,'Teckel expert en langues','./img_Cartes/Teckel_80.webp'),(81,'Teckel juge',3,'Teckel qui rend la justice','./img_Cartes/Teckel_81.webp'),(82,'Teckel procureur',3,'Teckel défenseur des lois','./img_Cartes/Teckel_82.webp'),(83,'Teckel contrôleur aérien',3,'Teckel guidant les avions','./img_Cartes/Teckel_83.webp'),(84,'Teckel parfumeur',3,'Teckel créateur de fragrances','./img_Cartes/Teckel_84.webp'),(85,'Teckel ostéopathe',3,'Teckel guérissant les douleurs','./img_Cartes/Teckel_85.webp'),(86,'Teckel avocat',4,'Teckel expert en droit','./img_Cartes/Teckel_86.webp'),(87,'Teckel détective privé',4,'Teckel résolvant des affaires complexes','./img_Cartes/Teckel_87.webp'),(88,'Teckel astrophysicien',4,'Teckel explorateur des étoiles','./img_Cartes/Teckel_88.webp'),(89,'Teckel magistrat',4,'Teckel garant de la loi','./img_Cartes/Teckel_89.webp'),(90,'Teckel bijoutier',4,'Teckel créateur de pièces uniques','./img_Cartes/Teckel_90.webp'),(91,'Teckel chocolatier',4,'Teckel maître du chocolat','./img_Cartes/Teckel_91.webp'),(92,'Teckel écrivain renommé',4,'Teckel célèbre pour ses écrits','./img_Cartes/Teckel_92.webp'),(93,'Teckel chef cuisinier étoilé',4,'Teckel étoile de la gastronomie','./img_Cartes/Teckel_93.webp'),(94,'Teckel chef cuisinier',5,'Teckel maître des saveurs','./img_Cartes/Teckel_94.webp'),(95,'Teckel sommelier',5,'Teckel expert en vins et spiritueux','./img_Cartes/Teckel_95.webp'),(96,'Teckel maître d''hôtel de prestige',5,'Teckel au service des plus grands','./img_Cartes/Teckel_96.webp'),(97,'Teckel magistrat',5,'Teckel garant des lois','./img_Cartes/Teckel_97.webp'),(98,'Teckel roi',6,'Teckel majestueux','./img_Cartes/Teckel_98.webp'),(99,'Teckel astronaute',6,'Teckel explorateur de l''espace','./img_Cartes/Teckel_99.webp'),(100,'Teckel pilote de F1',6,'Teckel à toute vitesse','./img_Cartes/Teckel_100.webp');

UN-- LOCK TABLES (supprimé);

--
-- Table structure for table "collections"
--

DROP TABLE IF EXISTS "collections";


CREATE TABLE "collections" (
  "id" INTEGER NOT NULL GENERATED BY DEFAULT AS IDENTITY,
  "utilisateur_id" INTEGER NOT NULL,
  "carte_id" INTEGER NOT NULL,
  "nb_exemplaires" INTEGER DEFAULT '1',
  "nb_brillante" INTEGER DEFAULT '0',
  "nb_alternative" INTEGER DEFAULT '0',
  "nb_noir_blanc" INTEGER DEFAULT '0',
  "nb_gold" INTEGER DEFAULT '0',
  PRIMARY -- KEY ("id"),
  UNIQUE -- KEY "utilisateur_id" ("utilisateur_id","carte_id"),
  -- KEY "carte_id" ("carte_id"),
  CONSTRAINT "collections_ibfk_1" FOREIGN -- KEY ("utilisateur_id") REFERENCES "utilisateurs" ("id") ON DELETE CASCADE,
  CONSTRAINT "collections_ibfk_2" FOREIGN -- KEY ("carte_id") REFERENCES "cartes" ("id") ON DELETE CASCADE
) ;


--
-- Dumping data for table "collections"
--

-- LOCK TABLES (supprimé) "collections" WRITE;

INSERT INTO "collections" VALUES (1,1,1,2,0,0,0,0),(2,1,2,1,0,0,0,0),(3,1,3,1,0,0,0,0),(4,1,4,1,0,0,0,0),(7,6,17,35,2,0,0,0),(8,6,88,29,1,0,0,0),(9,6,75,25,5,0,0,0),(10,6,38,36,5,0,0,0),(11,6,89,23,0,0,0,0),(12,6,64,38,3,0,0,0),(14,6,37,28,0,0,0,0),(15,6,46,37,0,0,0,0),(16,6,53,39,5,0,0,0),(17,6,50,33,4,1,0,0),(18,6,99,6,2,0,0,0),(19,6,16,26,0,0,0,0),(21,6,41,19,5,0,0,0),(22,6,14,2,1,2,0,0),(23,6,42,39,3,0,0,0),(24,6,97,12,1,0,0,0),(26,6,18,18,4,0,0,0),(28,6,66,35,4,0,1,0),(29,6,19,29,2,0,0,0),(30,6,34,34,1,0,0,0),(31,6,78,25,0,0,0,0),(32,6,27,34,1,1,0,0),(33,6,86,25,1,0,0,0),(34,6,45,26,0,0,0,0),(35,6,51,32,3,0,0,0),(36,6,96,10,1,0,1,0),(37,6,6,24,0,0,0,0),(38,6,13,30,0,0,0,0),(39,6,73,24,2,0,0,0),(40,6,32,31,2,0,0,0),(42,6,21,36,5,0,0,0),(43,6,15,18,2,0,0,0),(46,6,22,40,1,0,0,0),(51,6,71,39,2,0,0,0),(52,6,35,29,1,0,0,0),(53,6,33,19,4,0,0,0),(55,6,26,41,4,0,0,0),(58,6,59,34,3,0,0,0),(59,6,10,29,1,0,0,0),(60,6,29,29,2,0,0,0),(61,6,62,54,3,0,0,0),(62,6,91,24,1,0,0,0),(63,6,9,32,2,0,0,0),(66,6,87,8,1,0,0,0),(69,6,24,34,2,0,0,0),(70,6,52,34,4,0,0,0),(71,6,1,100,90,0,0,1),(73,6,92,20,0,0,0,0),(74,6,79,29,0,0,0,0),(76,6,8,24,0,0,0,0),(77,6,98,6,0,0,0,0),(78,6,47,23,1,0,0,0),(81,6,4,10,0,1,0,0),(82,6,84,24,4,0,0,0),(85,6,3,3,0,0,0,0),(86,6,7,33,1,0,0,0),(90,6,77,33,1,1,0,0),(92,6,72,36,1,0,0,0),(95,6,57,40,1,0,0,0),(97,6,70,44,1,1,0,0),(98,6,5,9,0,0,0,0),(99,6,49,32,1,0,0,0),(102,6,31,25,1,0,0,0),(103,6,58,25,0,0,0,0),(105,6,30,30,0,0,0,0),(108,6,40,28,4,0,0,0),(110,6,61,16,2,1,0,0),(111,6,54,39,4,0,0,0),(112,6,69,29,3,0,0,0),(113,6,23,27,1,0,0,0),(115,6,20,24,4,0,0,0),(117,6,68,26,0,0,0,0),(122,6,11,26,0,0,0,0),(123,6,55,33,2,0,0,0),(126,6,48,41,2,2,0,0),(131,6,80,27,0,0,0,0),(134,6,44,37,1,0,0,0),(135,6,76,20,1,1,0,0),(144,6,82,32,0,0,0,0),(150,6,63,34,2,0,0,0),(153,6,56,35,1,0,0,0),(155,6,100,100,100,0,0,0),(168,6,28,28,0,0,0,0),(187,6,95,20,0,0,0,0),(202,6,94,17,0,0,0,0),(214,6,85,36,2,0,0,0),(215,6,39,26,2,1,0,0),(224,6,93,16,0,0,0,0),(225,6,25,39,0,0,0,0),(226,6,12,31,3,0,0,0),(245,6,36,29,1,0,0,0),(246,6,43,30,1,0,0,0),(261,6,67,39,4,0,0,0),(269,6,90,23,1,0,0,0),(309,6,81,29,2,0,0,0),(356,6,65,34,4,0,0,0),(520,6,83,29,1,0,0,0),(535,6,60,29,0,0,0,0),(738,7,64,1,0,0,0,0),(739,7,62,2,0,0,0,0),(740,7,91,1,0,0,0,0),(741,7,74,1,0,0,0,0),(742,7,46,2,0,0,0,0),(743,7,50,3,0,0,0,0),(744,7,6,2,0,0,0,0),(745,7,84,2,0,0,0,0),(746,7,93,1,0,0,0,0),(747,7,75,3,0,0,0,0),(748,7,83,1,0,0,0,0),(749,7,66,3,0,0,0,0),(750,7,35,2,0,0,0,0),(751,7,81,1,0,0,0,0),(752,7,43,1,0,0,0,0),(754,7,85,1,0,0,0,0),(755,7,61,1,0,0,0,0),(756,7,31,1,0,0,0,0),(757,7,23,1,0,0,0,0),(758,7,80,4,0,0,0,0),(759,7,78,2,0,0,0,0),(761,7,79,1,0,0,0,0),(762,7,34,2,0,0,0,0),(763,7,99,1,0,0,0,0),(764,7,87,2,0,0,0,0),(765,7,38,1,0,0,0,0),(766,7,57,1,0,0,0,0),(768,7,4,1,0,0,0,0),(769,7,63,2,0,0,0,0),(770,7,29,1,0,0,0,0),(772,7,68,1,0,0,0,0),(773,7,33,1,0,0,0,0),(774,7,41,2,0,0,0,0),(775,7,94,2,0,0,0,0),(777,7,32,2,0,0,0,0),(780,7,72,1,0,0,0,0),(781,7,55,1,0,0,0,0),(782,7,53,2,0,0,0,0),(783,7,2,1,0,0,0,0),(786,7,48,1,0,0,0,0),(787,7,70,1,0,0,0,0),(790,7,90,1,0,0,0,0),(791,7,36,1,0,0,0,0),(792,7,1,1,0,0,0,0),(793,7,51,1,0,0,0,0),(794,7,54,1,0,0,0,0),(795,7,9,1,0,0,0,0),(797,7,56,1,0,0,0,0),(798,7,3,1,0,0,0,0),(799,7,5,2,0,0,0,0),(801,7,60,2,0,0,0,0),(804,7,67,2,0,0,0,0),(812,8,31,1,0,0,0,0),(813,8,26,1,0,0,0,0),(814,8,71,2,0,0,0,0),(815,8,21,1,0,0,0,0),(816,8,6,2,0,0,0,0),(817,8,44,3,0,0,0,0),(818,8,33,1,0,0,0,0),(819,8,81,1,0,0,0,0),(821,8,41,1,0,0,0,0),(822,8,20,1,0,0,0,0),(824,8,48,1,0,0,0,0),(825,8,84,1,0,0,0,0),(826,8,3,1,0,0,0,0),(828,8,52,1,0,0,0,0),(829,8,34,1,0,0,0,0),(830,8,51,1,0,0,0,0),(831,8,15,1,0,0,0,0),(832,8,95,1,0,0,0,0),(833,8,13,1,0,0,0,0),(834,8,86,1,0,0,0,0),(836,8,5,1,0,0,0,0),(837,8,24,1,0,0,0,0),(838,8,12,1,0,0,0,0),(839,8,37,1,0,0,0,0),(840,8,11,1,0,0,0,0),(1243,7,92,1,0,0,0,0),(1244,7,47,2,0,0,0,0),(1245,7,16,3,0,0,0,0),(1246,7,20,1,0,0,0,0),(1247,7,18,1,0,0,0,0),(1248,7,28,1,0,0,0,0),(1252,7,73,3,0,0,0,0),(1253,7,65,1,0,0,0,0),(1256,7,30,1,0,0,0,0),(1257,7,69,3,0,0,0,0),(1261,7,19,2,0,0,0,0),(1265,7,82,1,0,0,0,0),(1267,7,25,1,0,0,0,0),(1269,7,17,1,0,0,0,0),(1349,9,44,2,0,0,0,0),(1350,9,34,1,0,0,0,0),(1351,9,62,1,0,0,0,0),(1352,9,56,1,0,0,0,0),(1353,9,35,1,0,0,0,0),(1354,9,39,1,0,0,0,0),(1355,9,80,1,0,0,0,0),(1356,9,64,1,0,0,0,0),(1357,9,26,2,0,0,0,0),(1358,9,54,1,0,0,0,0),(1359,9,70,1,0,0,0,0),(1360,9,92,1,0,0,0,0),(1361,9,25,2,0,0,0,0),(1362,9,84,1,0,0,0,0),(1363,9,94,1,0,0,0,0),(1364,9,17,1,0,0,0,0),(1365,9,36,1,0,0,0,0),(1366,9,95,1,0,0,0,0),(1367,9,4,1,0,0,0,0),(1368,9,79,1,0,0,0,0),(1369,9,91,2,0,0,0,0),(1371,9,76,1,0,0,0,0),(1372,9,10,1,0,0,0,0),(1373,9,86,1,0,0,0,0),(1374,9,66,1,0,0,0,0),(1375,9,65,1,0,0,0,0),(1377,9,40,1,0,0,0,0),(1379,9,61,1,0,0,0,0),(1380,9,87,1,0,0,0,0),(1381,9,100,1,0,0,0,0),(1382,9,82,1,0,0,0,0),(1383,9,19,1,0,0,0,0),(1536,6,2,3,0,0,0,0),(1603,6,74,10,1,0,0,0),(1625,11,6,1,0,0,0,0),(1626,11,9,1,0,0,0,0),(1627,11,65,1,0,0,0,0),(1628,11,31,1,0,0,0,0),(1629,11,11,1,0,0,0,0),(1918,17,41,6,0,0,0,0),(1921,17,79,0,0,0,0,0),(1924,17,1,1,0,0,0,0),(1925,17,3,1,0,0,0,0),(1926,17,2,1,0,0,0,0),(1927,17,46,1,0,0,0,0),(1928,17,12,2,0,0,0,0),(1929,17,32,1,0,0,0,0),(1930,17,65,0,1,0,0,0),(1931,17,68,0,1,0,0,0),(1932,17,39,2,0,0,0,0),(1933,17,55,1,0,0,0,0),(1934,17,26,0,1,0,0,0),(1935,17,17,1,0,0,0,0),(1936,17,31,1,0,0,0,0),(1938,17,71,0,0,0,0,0),(1939,17,38,1,0,0,0,0),(1940,17,13,2,0,0,0,0),(1941,17,42,0,1,0,0,0),(1942,17,5,2,0,0,0,0),(1944,17,69,0,0,0,0,0),(1945,17,64,1,0,0,0,0),(1948,17,44,1,0,0,0,0),(1949,17,27,2,0,0,0,0),(1950,17,36,2,0,0,0,0),(1951,17,70,1,0,0,0,0),(1952,17,83,0,0,0,0,0),(1953,17,28,1,0,0,0,0),(1954,17,40,1,0,0,0,0),(1957,17,61,1,0,0,0,0),(1959,17,50,1,0,0,0,0),(1961,17,58,1,0,0,0,0),(1962,17,73,0,0,0,0,0);

UN-- LOCK TABLES (supprimé);

--
-- Table structure for table "utilisateurs"
--

DROP TABLE IF EXISTS "utilisateurs";


CREATE TABLE "utilisateurs" (
  "id" INTEGER NOT NULL GENERATED BY DEFAULT AS IDENTITY,
  "pseudo" VARCHAR(50)  NOT NULL,
  "email" VARCHAR(100)  NOT NULL,
  "mot_de_passe" VARCHAR(255)  NOT NULL,
  "jetons" INTEGER NOT NULL DEFAULT '10',
  "dernier_gain" TIMESTAMP DEFAULT NULL,
  "tentatives" INTEGER DEFAULT '0',
  "verrouillage" TIMESTAMP DEFAULT NULL,
  "prochaine_recolte" TIMESTAMP DEFAULT NULL,
  PRIMARY -- KEY ("id"),
  UNIQUE -- KEY "pseudo" ("pseudo"),
  UNIQUE -- KEY "email" ("email")
) ;


--
-- Dumping data for table "utilisateurs"
--

-- LOCK TABLES (supprimé) "utilisateurs" WRITE;

INSERT INTO "utilisateurs" VALUES (1,'admin','admin@gmail.com','$2y$10$hs4fGMT3xUgpWRXo74fiIOXFlz4t3BGKIsvz3CwcZACLbfhzZ2sdy',1000,NULL,0,NULL,NULL),(6,'kylia','kylianlegeay35@icloud.com','$2y$10$/wosuFnwZOLyKS5CVV7gxO6jrY0BlNqyzOwDPr60f7oS//k7v/cV.',17362,'2025-04-27 19:01:16',0,NULL,'2025-05-02 22:24:38'),(7,'caca','ydrt@gmail.com','$2y$10$TNhCsNgQKxbjx6RxuvrEKOQTglrSfMgs/WO1Qm.QLDYECEM5yHPfu',13,'2025-03-10 11:17:34',0,NULL,NULL),(8,'testbooster','testbooster@gmail.com','$2y$10$ev3ct26t7ghtiSW/Vs0nAu21bkLs2Af1tJ55pOYQubt2Nc4mxkFRK',1,'2024-12-27 12:28:50',0,NULL,NULL),(9,'pipi','pipi@gmail.com','$2y$10$cGPWXssu/yd3ETrhh3tEOuOwM2c8rySfjFXAXaPALfgut8Rl9XJVi',0,'2025-03-11 19:33:22',0,NULL,NULL),(10,'test1','test1@gmail.com','$2y$10$HrAVD5qEGRluS8E9VgwfT.QK/crOgURcYFYclPOEqmfceOlpDE162',10,NULL,0,NULL,NULL),(11,'lekyks','kylianlegeay.pro@gmail.com','$2y$10$wjXrY/EhSoU/uCRhQpOpweeIYjpT/gBxcSyOUQMmxFM965m58ryry',6,'2025-03-23 17:46:58',0,NULL,NULL),(14,'gerard','gerard@gmail.com','$2b$10$h3XRVGBRQG/5IBgNUunwf.auurK62SY/Jovxpb.z0qwkiAHGc8ioi',10,NULL,0,NULL,NULL),(15,'jean','jean@gmail.com','$2b$10$RsHGZNI89RjB6MKkAPsEF.mRgFohAaBqkVI5WQS5aWT/7GOT2Y0Sq',100,NULL,0,NULL,NULL),(17,'coucou','coucou@gmail.com','$2b$10$vE4UC.bSfDoWu6tQySk2se3EZDPLrb6V/XXsPQKnslAotg3lD8kqq',25,NULL,0,NULL,'2025-04-29 00:08:19');

UN-- LOCK TABLES (supprimé);

--
-- Table structure for table "ventes"
--

DROP TABLE IF EXISTS "ventes";


CREATE TABLE "ventes" (
  "id" INTEGER NOT NULL GENERATED BY DEFAULT AS IDENTITY,
  "vendeur_id" INTEGER NOT NULL,
  "carte_id" INTEGER NOT NULL,
  "quantite" INTEGER NOT NULL DEFAULT '1',
  "prix_par_unite" INTEGER NOT NULL,
  "type" VARCHAR(50) NOT NULL DEFAULT 'basique',
  "date_vente" TIMESTAMP DEFAULT CURRENT_TIMESTAMP,
  PRIMARY -- KEY ("id"),
  -- KEY "vendeur_id" ("vendeur_id"),
  -- KEY "carte_id" ("carte_id"),
  CONSTRAINT "ventes_ibfk_1" FOREIGN -- KEY ("vendeur_id") REFERENCES "utilisateurs" ("id"),
  CONSTRAINT "ventes_ibfk_2" FOREIGN -- KEY ("carte_id") REFERENCES "cartes" ("id")
) ;


--
-- Dumping data for table "ventes"
--

-- LOCK TABLES (supprimé) "ventes" WRITE;

INSERT INTO "ventes" VALUES (1,6,5,1,3,'basique','2025-04-28 21:22:22'),(2,6,94,1,60,'basique','2025-04-28 21:22:51'),(3,6,94,1,60,'basique','2025-04-28 21:23:05'),(4,6,99,1,150,'basique','2025-04-28 21:29:22'),(5,6,91,1,30,'basique','2025-04-28 21:31:21'),(12,6,1,1,3,'nb_exemplaires','2025-04-28 22:58:00'),(13,6,3,1,3,'nb_brillante','2025-04-28 23:00:04'),(14,6,4,1,3,'nb_brillante','2025-04-28 23:00:10'),(15,6,1,25,3,'nb_exemplaires','2025-04-28 23:01:46'),(16,6,1,1,1,'nb_exemplaires','2025-04-29 14:33:46'),(17,6,3,1,1,'nb_exemplaires','2025-04-30 21:03:58'),(18,6,6,2,1,'nb_brillante','2025-05-03 12:56:38'),(19,6,1,5,1,'nb_brillante','2025-05-03 13:00:56');

UN-- LOCK TABLES (supprimé);

--
-- Temporary view structure for view "vue_cartes_resume"
--



--
-- Temporary view structure for view "vue_col_user"
--



--
-- Temporary view structure for view "vue_collections_utilisateurs"
--



--
-- Final view structure for view "vue_cartes_resume"
--













--
-- Final view structure for view "vue_col_user"
--













--
-- Final view structure for view "vue_collections_utilisateurs"
--






















-- Dump completed on 2025-05-06  1:18:38
